epoch,total_loss,loss_change,loss_smooth
1,11.23214,0.0,11.23214
2,11.25844,0.026300000000000878,11.24529
3,11.24073,-0.017710000000001003,11.24377
4,11.23878,-0.001949999999999008,11.2425225
5,11.19116,-0.04762000000000022,11.232249999999999
6,11.070620000000002,-0.12053999999999832,11.199946
7,10.5716,-0.4990200000000016,11.062577999999998
8,9.55659,-1.0150100000000002,10.72575
9,8.63907,-0.9175199999999997,10.205808000000001
10,7.79172,-0.8473500000000005,9.52592
11,6.80691,-0.9848099999999995,8.673178
12,6.386279999999999,-0.42063000000000095,7.836114
13,5.91549,-0.47078999999999915,7.107894
14,5.72304,-0.19245,6.524688
15,5.4633400000000005,-0.2596999999999996,6.059012000000001
16,5.15329,-0.3100500000000004,5.728288
17,5.10956,-0.04373000000000005,5.472944
18,4.88824,-0.2213200000000004,5.267494
19,4.89372,0.0054800000000003735,5.10163
20,4.662100000000001,-0.2316199999999995,4.941382
21,4.61551,-0.04659000000000102,4.833826
22,4.47563,-0.13987999999999978,4.70704
23,4.35921,-0.11641999999999975,4.601234
24,4.44396,0.08474999999999966,4.511282
25,4.31323,-0.1307299999999998,4.441508
26,4.25756,-0.05567000000000011,4.369918
27,4.17879,-0.07876999999999956,4.31055
28,4.05969,-0.11910000000000043,4.250646
29,4.0465599999999995,-0.013130000000000308,4.171166
30,4.0503599999999995,0.0038000000000000256,4.118592
31,3.9387,-0.11165999999999965,4.05482
32,4.02159,0.08288999999999991,4.0233799999999995
33,3.9122399999999997,-0.10935000000000006,3.9938899999999995
34,3.85349,-0.05874999999999986,3.955275999999999
35,3.86233,0.008840000000000181,3.9176699999999998
36,3.8003899999999997,-0.06194000000000033,3.8900079999999995
37,3.80552,0.005130000000000301,3.846794
38,3.7990200000000005,-0.006499999999999506,3.8241500000000004
39,3.78281,-0.016210000000000502,3.8100140000000002
40,3.7432,-0.039610000000000145,3.786188
41,3.69233,-0.05086999999999975,3.7645760000000004
42,3.6516800000000003,-0.04064999999999985,3.7338080000000007
43,3.63919,-0.012490000000000112,3.701842
44,3.5136000000000003,-0.12558999999999987,3.6480000000000006
45,3.54498,0.03137999999999952,3.6083560000000006
46,3.5148099999999998,-0.03017000000000003,3.572852
47,3.62466,0.10985000000000023,3.567448
48,3.55411,-0.07054999999999989,3.550432
49,3.46532,-0.08878999999999992,3.540776
50,3.44092,-0.024399999999999977,3.5199640000000003
51,3.4689500000000004,0.02803000000000022,3.510792
52,3.4088199999999995,-0.060130000000000905,3.467624
53,3.40035,-0.008469999999999533,3.4368719999999997
54,3.36667,-0.03367999999999993,3.4171420000000006
55,3.3479200000000002,-0.018749999999999822,3.398542
56,3.29616,-0.05176000000000025,3.363984
57,3.35524,0.0590799999999998,3.353268
58,3.32469,-0.030549999999999855,3.338136
59,3.36605,0.04136000000000006,3.338012
60,3.26354,-0.1025100000000001,3.321136
61,3.36875,0.10521000000000003,3.3356539999999995
62,3.3190399999999998,-0.04971000000000014,3.328414
63,3.29866,-0.020379999999999843,3.3232079999999997
64,3.3298,0.031140000000000168,3.3159579999999997
65,3.2485999999999997,-0.08120000000000038,3.31297
66,3.26039,0.011790000000000411,3.291298
67,3.16318,-0.09721000000000002,3.2601260000000005
68,3.1913400000000003,0.028160000000000185,3.238662
69,3.2431200000000002,0.05177999999999994,3.221326
70,3.2533,0.010179999999999634,3.2222660000000003
71,3.21177,-0.041529999999999845,3.212542
72,3.26545,0.05367999999999995,3.232996
73,3.14027,-0.12517999999999985,3.222782
74,3.17504,0.03476999999999997,3.2091659999999997
75,3.14414,-0.030899999999999928,3.187334
76,3.14474,0.0005999999999999339,3.173928
77,3.1454899999999997,0.0007499999999995843,3.149936
78,3.12901,-0.016479999999999606,3.147684
79,3.1077899999999996,-0.02122000000000046,3.1342339999999997
80,3.09811,-0.009679999999999467,3.125028
81,3.09911,0.0009999999999998899,3.1159019999999997
82,3.1444600000000005,0.045350000000000446,3.115696
83,3.06532,-0.07914000000000065,3.102958
84,3.04691,-0.018409999999999815,3.090782
85,2.98667,-0.06023999999999985,3.0684940000000003
86,3.00454,0.01786999999999983,3.0495799999999997
87,3.02853,0.023989999999999956,3.026394
88,3.0152099999999997,-0.01332000000000022,3.0163719999999996
89,2.97027,-0.044939999999999536,3.0010440000000003
90,3.03648,0.06620999999999988,3.011006
91,2.98353,-0.05295000000000005,3.006804
92,3.01855,0.03501999999999983,3.0048079999999997
93,2.98369,-0.03485999999999967,2.998504
94,2.9762,-0.007490000000000219,2.9996899999999997
95,2.94768,-0.02851999999999988,2.9819299999999997
96,2.9531800000000006,0.0055000000000005045,2.97586
97,2.96165,0.008469999999999533,2.9644800000000004
98,2.93959,-0.02206000000000019,2.95566
99,2.91602,-0.02356999999999987,2.943624
100,2.9019,-0.014120000000000132,2.9344680000000003
101,2.89635,-0.005549999999999944,2.923102
102,2.86419,-0.03216000000000019,2.9036099999999996
103,2.94008,0.07589000000000024,2.903708
104,2.91604,-0.02403999999999984,2.9037119999999996
105,2.88869,-0.027350000000000207,2.90107
106,2.9099399999999997,0.02124999999999977,2.9037879999999996
107,2.82117,-0.0887699999999998,2.895184
108,2.8488100000000003,0.02764000000000033,2.87693
109,2.85141,0.0025999999999997137,2.864004
110,2.93065,0.07923999999999998,2.8723959999999997
111,2.81945,-0.11120000000000019,2.854298
112,2.89454,0.07509000000000032,2.8689720000000003
113,2.7819399999999996,-0.11260000000000048,2.8555979999999996
114,2.8274299999999997,0.04549000000000003,2.850802
115,2.83171,0.004280000000000506,2.831014
116,2.80097,-0.03074000000000021,2.827318
117,2.73512,-0.06584999999999974,2.7954339999999998
118,2.79852,0.06339999999999968,2.79875
119,2.79369,-0.004830000000000112,2.792002
120,2.7362400000000004,-0.057449999999999335,2.772908
121,2.83807,0.10182999999999964,2.780328
122,2.7903000000000002,-0.04776999999999987,2.791364
123,2.8061100000000003,0.015810000000000102,2.792882
124,2.73513,-0.07098000000000049,2.7811700000000004
125,2.7591799999999997,0.024049999999999905,2.785758
126,2.72586,-0.033319999999999794,2.763316
127,2.75547,0.029609999999999914,2.75635
128,2.74053,-0.014939999999999731,2.743234
129,2.7515300000000003,0.01100000000000012,2.746514
130,2.81664,0.06510999999999978,2.758006
131,2.7053399999999996,-0.1113000000000004,2.753902
132,2.7236700000000003,0.018330000000000624,2.747542
133,2.73203,0.008359999999999701,2.745842
134,2.74768,0.015649999999999942,2.7450719999999995
135,2.7559,0.008220000000000116,2.7329239999999997
136,2.6463,-0.10959999999999992,2.721116
137,2.6808300000000003,0.03453000000000017,2.712548
138,2.71516,0.03432999999999975,2.709174
139,2.68648,-0.02868000000000004,2.696934
140,2.73265,0.046170000000000044,2.692284
141,2.6684099999999997,-0.0642400000000003,2.696706
142,2.68991,0.021500000000000075,2.6985219999999996
143,2.69365,0.0037400000000000766,2.6942199999999996
144,2.66094,-0.032709999999999795,2.6891119999999997
145,2.6710599999999998,0.010119999999999685,2.676794
146,2.67298,0.0019200000000001438,2.677708
147,2.57619,-0.09678999999999993,2.654964
148,2.5941099999999997,0.017919999999999714,2.635056
149,2.67505,0.08094000000000046,2.6378779999999997
150,2.60072,-0.07433000000000023,2.6238099999999998
151,2.6167,0.015979999999999883,2.6125540000000003
152,2.63009,0.013390000000000235,2.623334
153,2.62319,-0.006899999999999906,2.62915
154,2.6096199999999996,-0.013570000000000526,2.616064
155,2.6548299999999996,0.04520999999999997,2.626886
156,2.57775,-0.0770799999999996,2.619096
157,2.56627,-0.011480000000000157,2.6063319999999996
158,2.57695,0.010680000000000245,2.5970839999999997
159,2.6182600000000003,0.04131000000000018,2.5988119999999997
160,2.6348000000000003,0.01654,2.594806
161,2.59907,-0.03573000000000004,2.59907
162,2.5535,-0.04557000000000011,2.5965160000000003
163,2.57511,0.021609999999999907,2.5961480000000003
164,2.6011800000000003,0.02607000000000026,2.5927320000000003
165,2.53292,-0.06826000000000043,2.572356
166,2.59184,0.05892000000000008,2.57091
167,2.60465,0.012809999999999988,2.58114
168,2.60579,0.0011399999999999189,2.587276
169,2.5783,-0.027489999999999792,2.5827
170,2.5685700000000002,-0.009729999999999794,2.58983
171,2.55372,-0.01485000000000003,2.5822060000000002
172,2.58914,0.035419999999999785,2.579104
173,2.5789299999999997,-0.010210000000000274,2.5737320000000006
174,2.47595,-0.10297999999999963,2.553262
175,2.50805,0.032099999999999795,2.5411580000000002
176,2.5199100000000003,0.011860000000000426,2.534396
177,2.5098700000000003,-0.010040000000000049,2.518542
178,2.5610099999999996,0.0511399999999993,2.514958
179,2.53922,-0.021789999999999754,2.527612
180,2.56779,0.028570000000000206,2.53956
181,2.5508,-0.01698999999999984,2.545738
182,2.48292,-0.06788000000000016,2.5403480000000003
183,2.49994,0.017020000000000035,2.528134
184,2.50206,0.002120000000000122,2.520702
185,2.45141,-0.050650000000000084,2.497426
186,2.5244799999999996,0.07306999999999952,2.4921619999999995
187,2.44389,-0.0805899999999995,2.484356
188,2.46633,0.022440000000000015,2.4776339999999997
189,2.4677499999999997,0.0014199999999995327,2.4707719999999997
190,2.46969,0.0019400000000002748,2.474428
191,2.4702,0.0005100000000002325,2.463572
192,2.39819,-0.07201000000000013,2.4544319999999997
193,2.4885,0.09031000000000011,2.458866
194,2.44319,-0.04531000000000018,2.453954
195,2.43993,-0.0032600000000000406,2.448002
196,2.40881,-0.031120000000000037,2.4357239999999996
197,2.43461,0.025800000000000267,2.443008
198,2.49849,0.06387999999999971,2.4450060000000002
199,2.4219299999999997,-0.07656000000000018,2.440754
200,2.47422,0.05229000000000017,2.447612
201,2.47908,0.0048600000000003085,2.4616659999999997
202,2.41627,-0.06281000000000025,2.457998
203,2.4156699999999995,-0.000600000000000378,2.4414339999999997
204,2.41357,-0.0020999999999995467,2.4397619999999995
205,2.45547,0.04190000000000005,2.4360120000000003
206,2.42073,-0.034740000000000215,2.424342
207,2.44055,0.01982000000000017,2.429198
208,2.42379,-0.016760000000000108,2.430822
209,2.41746,-0.006329999999999725,2.4316
210,2.3821700000000003,-0.03528999999999982,2.41694
211,2.38754,0.005369999999999653,2.410302
212,2.41548,0.027940000000000076,2.405288
213,2.41054,-0.0049399999999999444,2.402638
214,2.4216499999999996,0.01110999999999951,2.403476
215,2.46543,0.043780000000000374,2.4201279999999996
216,2.37245,-0.09297999999999984,2.41711
217,2.4210200000000004,0.048570000000000224,2.418218
218,2.42852,0.007499999999999396,2.4218140000000004
219,2.37743,-0.05108999999999986,2.41297
220,2.44017,0.06274000000000024,2.407918
221,2.38082,-0.059350000000000236,2.409592
222,2.38506,0.004240000000000244,2.4024
223,2.4297500000000003,0.04469000000000012,2.402646
224,2.33812,-0.09163000000000032,2.394784
225,2.41025,0.07213000000000003,2.3888000000000003
226,2.3996500000000003,-0.01059999999999972,2.392566
227,2.3706199999999997,-0.029030000000000555,2.389678
228,2.40092,0.030300000000000438,2.383912
229,2.34296,-0.05796000000000001,2.38488
230,2.3679099999999997,0.024949999999999584,2.376412
231,2.34308,-0.024829999999999686,2.3650979999999997
232,2.36567,0.02259000000000011,2.3641080000000003
233,2.3377600000000003,-0.02790999999999988,2.351476
234,2.36863,0.03086999999999973,2.35661
235,2.3705100000000003,0.0018800000000003259,2.35713
236,2.38205,0.011539999999999662,2.364924
237,2.30322,-0.07882999999999996,2.352434
238,2.35105,0.04782999999999982,2.355092
239,2.32673,-0.024319999999999897,2.3467119999999997
240,2.3431699999999998,0.016439999999999788,2.341244
241,2.3051700000000004,-0.03799999999999937,2.3258680000000003
242,2.33311,0.027939999999999632,2.3318459999999996
243,2.35033,0.017220000000000013,2.331702
244,2.3791200000000003,0.028790000000000315,2.34218
245,2.30287,-0.07625000000000037,2.33412
246,2.3292599999999997,0.02638999999999969,2.3389379999999997
247,2.34003,0.01077000000000039,2.340322
248,2.28486,-0.05516999999999994,2.3272280000000003
249,2.29317,0.008309999999999818,2.310038
250,2.3124000000000002,0.019230000000000302,2.311944
251,2.32829,0.015889999999999738,2.31175
252,2.24967,-0.07861999999999991,2.293678
253,2.28152,0.031849999999999934,2.2930099999999998
254,2.29864,0.017119999999999802,2.294104
255,2.28673,-0.011909999999999865,2.28897
256,2.29107,0.0043400000000000105,2.2815260000000004
257,2.2776699999999996,-0.0134000000000003,2.2871259999999998
258,2.3102,0.03253000000000039,2.292862
259,2.29237,-0.017830000000000013,2.2916079999999996
260,2.26249,-0.029879999999999907,2.28676
261,2.2892400000000004,0.026750000000000274,2.2863940000000005
262,2.24869,-0.04055000000000053,2.2805980000000003
263,2.28444,0.03575000000000017,2.275446
264,2.21977,-0.06467,2.260926
265,2.26037,0.04059999999999997,2.2605020000000002
266,2.30023,0.03986000000000001,2.2626999999999997
267,2.2758599999999998,-0.024370000000000225,2.268134
268,2.27674,0.000880000000000436,2.266594
269,2.28905,0.012309999999999821,2.2804499999999996
270,2.19731,-0.09174000000000015,2.2678380000000002
271,2.25293,0.055620000000000225,2.258378
272,2.2601,0.007169999999999899,2.255226
273,2.2984299999999998,0.03832999999999975,2.259564
274,2.24144,-0.056989999999999874,2.2500419999999997
275,2.27262,0.031179999999999986,2.265104
276,2.2606900000000003,-0.011929999999999552,2.266656
277,2.2077600000000004,-0.05292999999999992,2.2561880000000003
278,2.2607600000000003,0.052999999999999936,2.248654
279,2.206,-0.054760000000000364,2.241566
280,2.20019,-0.005809999999999871,2.2270800000000004
281,2.2537599999999998,0.05356999999999967,2.225694
282,2.19385,-0.05990999999999991,2.222912
283,2.25469,0.06084000000000023,2.221698
284,2.27752,0.022829999999999906,2.236002
285,2.18006,-0.09745999999999988,2.231976
286,2.21587,0.035809999999999675,2.224398
287,2.2131300000000005,-0.0027399999999992986,2.228254
288,2.24524,0.03210999999999942,2.2263640000000002
289,2.28381,0.03856999999999999,2.227622
290,2.2424600000000003,-0.041349999999999554,2.2401020000000003
291,2.1834299999999995,-0.059030000000000804,2.233614
292,2.23644,0.053010000000000446,2.238276
293,2.16793,-0.06850999999999985,2.2228140000000005
294,2.16432,-0.003610000000000113,2.1989159999999996
295,2.19167,0.027349999999999763,2.1887579999999995
296,2.20717,0.015500000000000291,2.193506
297,2.18712,-0.0200499999999999,2.1836420000000003
298,2.18978,0.0026599999999996626,2.1880119999999996
299,2.24106,0.051280000000000214,2.20336
300,2.1890400000000003,-0.05201999999999973,2.202834
301,2.16966,-0.019380000000000397,2.1953319999999996
302,2.19558,0.025920000000000165,2.197024
303,2.14952,-0.04606000000000021,2.188972
304,2.25496,0.1054400000000002,2.191752
305,2.1592000000000002,-0.09575999999999985,2.185784
306,2.2602900000000004,0.10109000000000012,2.20391
307,2.2201899999999997,-0.04010000000000069,2.208832
308,2.16413,-0.056059999999999555,2.211754
309,2.15874,-0.005390000000000228,2.19251
310,2.1941699999999997,0.03542999999999985,2.199504
311,2.1633299999999998,-0.03083999999999998,2.180112
312,2.20301,0.03968000000000016,2.1766759999999996
313,2.21993,0.016920000000000268,2.187836
314,2.20662,-0.013310000000000155,2.197412
315,2.1611000000000002,-0.04551999999999978,2.190798
316,2.14392,-0.017180000000000195,2.186916
317,2.17718,0.033259999999999845,2.18175
318,2.1429600000000004,-0.03421999999999947,2.1663560000000004
319,2.11916,-0.023800000000000487,2.148864
320,2.1578,0.03864000000000001,2.1482040000000002
321,2.1204,-0.03739999999999988,2.1435000000000004
322,2.0925900000000004,-0.02780999999999967,2.1265820000000004
323,2.15677,0.06417999999999946,2.1293439999999997
324,2.1195500000000003,-0.03721999999999959,2.1294220000000004
325,2.12042,0.0008699999999999264,2.1219460000000003
326,2.1024599999999998,-0.01796000000000042,2.1183579999999997
327,2.12911,0.026650000000000063,2.1256619999999997
328,2.1463200000000002,0.01721000000000039,2.1235720000000002
329,2.14905,0.002729999999999677,2.1294720000000003
330,2.17774,0.028690000000000104,2.140936
331,2.14014,-0.037599999999999856,2.148472
332,2.13323,-0.006909999999999972,2.149296
333,2.16275,0.02951999999999977,2.1525819999999998
334,2.14276,-0.019989999999999952,2.151324
335,2.10743,-0.035330000000000084,2.137262
336,2.10837,0.0009399999999999409,2.130908
337,2.0930799999999996,-0.015290000000000248,2.122878
338,2.1210700000000005,0.027990000000000848,2.1145419999999997
339,2.11863,-0.002440000000000442,2.109716
340,2.14435,0.025720000000000187,2.1170999999999998
341,2.10777,-0.03658000000000028,2.1169800000000003
342,2.12256,0.01479000000000008,2.122876
343,2.0740499999999997,-0.048510000000000275,2.1134720000000002
344,2.1112900000000003,0.037240000000000606,2.112004
345,2.13105,0.019759999999999778,2.109344
346,2.13199,0.0009399999999999409,2.114188
347,2.1045,-0.027490000000000236,2.110576
348,2.0950800000000003,-0.00941999999999954,2.114782
349,2.13823,0.0431499999999998,2.12017
350,2.15333,0.015099999999999891,2.124626
351,2.11157,-0.04176000000000002,2.120542
352,2.0678799999999997,-0.04369000000000023,2.113218
353,2.0799,0.012020000000000142,2.110182
354,2.10926,0.029360000000000053,2.104388
355,2.08582,-0.023439999999999905,2.090886
356,2.09916,0.013339999999999907,2.0884039999999997
357,2.10575,0.006590000000000096,2.095978
358,2.0937,-0.012049999999999894,2.098738
359,2.08718,-0.006520000000000081,2.0943220000000005
360,2.12422,0.037040000000000184,2.1020019999999997
361,2.05987,-0.06435000000000013,2.094144
362,2.12242,0.06254999999999988,2.0974779999999997
363,2.08373,-0.03868999999999989,2.095484
364,2.06237,-0.021360000000000046,2.090522
365,2.05999,-0.0023800000000000487,2.077676
366,2.12214,0.06214999999999993,2.09013
367,2.0923100000000003,-0.02982999999999958,2.084108
368,2.0447499999999996,-0.04756000000000071,2.0763119999999997
369,2.07131,0.02656000000000036,2.0781
370,2.07077,-0.0005399999999999849,2.080256
371,2.0929,0.022130000000000205,2.074408
372,2.09193,-0.0009700000000001374,2.0743319999999996
373,2.0318199999999997,-0.06011000000000033,2.071746
374,2.07513,0.043310000000000404,2.0725100000000003
375,2.06631,-0.00882000000000005,2.071618
376,2.0503,-0.01601000000000008,2.063098
377,2.0454600000000003,-0.004839999999999733,2.053804
378,2.09839,0.05292999999999992,2.0671180000000002
379,2.06951,-0.028880000000000017,2.065994
380,2.04047,-0.029040000000000177,2.060826
381,1.99592,-0.04455000000000009,2.04995
382,2.0906000000000002,0.09468000000000032,2.058978
383,2.04124,-0.04936000000000007,2.047548
384,2.07507,0.03383000000000003,2.0486600000000004
385,2.03397,-0.041100000000000136,2.0473600000000003
386,2.0433399999999997,0.009369999999999656,2.0568440000000003
387,2.07181,0.02847000000000044,2.053086
388,2.0929,0.021090000000000053,2.063418
389,2.0424100000000003,-0.050489999999999924,2.056886
390,2.05052,0.00810999999999984,2.0601960000000004
391,2.04809,-0.002429999999999932,2.0611460000000004
392,1.99552,-0.05257000000000023,2.045888
393,1.99618,0.000660000000000105,2.0265440000000003
394,2.06194,0.06575999999999982,2.03045
395,2.02667,-0.03526999999999969,2.02568
396,1.98912,-0.037550000000000194,2.0138860000000003
397,1.9837600000000002,-0.005359999999999809,2.011534
398,2.0206299999999997,0.036869999999999514,2.0164239999999998
399,2.06382,0.043190000000000506,2.0168
400,2.05873,-0.005090000000000039,2.023212
401,2.0239900000000004,-0.03473999999999977,2.0301859999999996
402,2.03374,0.009749999999999481,2.040182
403,2.02112,-0.012620000000000076,2.04028
404,2.06579,0.04466999999999999,2.040674
405,2.03758,-0.028209999999999624,2.0364440000000004
406,2.03049,-0.007090000000000263,2.0377439999999996
407,2.02929,-0.0011999999999998678,2.0368539999999995
408,2.0629299999999997,0.03363999999999967,2.045216
409,1.9877,-0.07522999999999969,2.0295979999999996
410,2.01737,0.029670000000000085,2.0255559999999995
411,2.01666,-0.0007100000000002105,2.0227899999999996
412,1.9906899999999998,-0.02597000000000005,2.01507
413,1.98316,-0.007529999999999815,1.9991159999999997
414,1.99128,0.008119999999999905,1.999832
415,2.0219300000000002,0.030650000000000288,2.000744
416,1.97643,-0.04550000000000032,1.992698
417,2.00504,0.028610000000000246,1.995568
418,2.01028,0.005239999999999689,2.000992
419,2.02904,0.018760000000000332,2.008544
420,2.00878,-0.02026000000000039,2.0059139999999998
421,1.9950999999999999,-0.013679999999999914,2.009648
422,1.97223,-0.022869999999999946,2.003086
423,1.98684,0.014610000000000012,1.998398
424,1.98114,-0.005700000000000038,1.9888179999999998
425,1.96947,-0.011669999999999847,1.9809559999999997
426,2.0255,0.056030000000000024,1.9870359999999998
427,2.01316,-0.012340000000000018,1.995222
428,1.97265,-0.040510000000000046,1.9923840000000002
429,1.9802,0.007549999999999946,1.9921960000000003
430,1.9861499999999999,0.0059499999999999,1.995532
431,1.99898,0.012830000000000119,1.990228
432,1.96029,-0.03868999999999989,1.979654
433,2.00287,0.04258000000000006,1.985698
434,1.99154,-0.011330000000000062,1.9879660000000001
435,1.96822,-0.023320000000000007,1.9843800000000003
436,1.98485,0.016629999999999923,1.9815540000000003
437,1.96179,-0.02306000000000008,1.9818539999999998
438,1.97332,0.01153000000000004,1.9759440000000001
439,1.9368100000000001,-0.03650999999999982,1.964998
440,1.99003,0.05321999999999982,1.96936
441,1.9653500000000002,-0.024679999999999813,1.9654600000000002
442,1.9606,-0.004750000000000254,1.965222
443,1.97798,0.017380000000000173,1.9661540000000002
444,1.96864,-0.009340000000000126,1.97252
445,1.98949,0.020850000000000035,1.9724119999999998
446,1.93808,-0.051409999999999956,1.966958
447,1.9967100000000002,0.05863000000000018,1.97418
448,1.9998799999999999,0.003169999999999673,1.9785600000000003
449,1.94008,-0.05979999999999985,1.9728479999999997
450,1.93279,-0.007290000000000019,1.9615079999999998
451,1.98285,0.05005999999999999,1.9704620000000002
452,1.95253,-0.030319999999999903,1.961626
453,1.9871,0.03456999999999999,1.95907
454,1.97535,-0.01175000000000015,1.966124
455,1.97235,-0.0029999999999998916,1.9740360000000003
456,1.95963,-0.012720000000000065,1.9693920000000003
457,1.95274,-0.006890000000000063,1.9694340000000001
458,1.9469800000000002,-0.005759999999999765,1.96141
459,1.92676,-0.020220000000000127,1.951692
460,1.9946899999999999,0.06792999999999982,1.95616
461,1.88023,-0.11445999999999978,1.94028
462,1.94723,0.06699999999999995,1.939178
463,1.9448299999999998,-0.0024000000000001798,1.938748
464,1.94918,0.004350000000000076,1.943232
465,1.91338,-0.03579999999999983,1.92697
466,1.9474,0.03401999999999994,1.9404039999999998
467,1.91151,-0.03588999999999998,1.93326
468,1.96102,0.04950999999999994,1.9364979999999998
469,1.92225,-0.03876999999999997,1.931112
470,1.90054,-0.021710000000000118,1.9285439999999998
471,1.92374,0.02320000000000011,1.9238119999999999
472,1.91968,-0.0040599999999999525,1.9254459999999998
473,1.8918300000000001,-0.02784999999999993,1.911608
474,1.93111,0.03927999999999998,1.91338
475,1.88758,-0.04353000000000007,1.9107880000000002
476,1.89297,0.005390000000000006,1.9046340000000002
477,1.9440899999999999,0.05111999999999983,1.909516
478,1.89564,-0.04844999999999988,1.910278
479,1.91669,0.021050000000000013,1.907394
480,1.94506,0.028370000000000006,1.91889
481,1.93536,-0.009700000000000042,1.927368
482,1.9302,-0.005160000000000053,1.9245899999999998
483,1.91058,-0.01961999999999997,1.9275779999999998
484,1.86356,-0.04701999999999984,1.9169519999999998
485,1.9601600000000001,0.09660000000000002,1.919972
486,1.9320899999999999,-0.02807000000000026,1.9193179999999999
487,1.93677,0.0046800000000002395,1.9206320000000001
488,1.90097,-0.035800000000000054,1.9187100000000001
489,1.93757,0.036599999999999966,1.933512
490,1.93946,0.0018899999999999473,1.929372
491,1.9200599999999999,-0.019400000000000084,1.9269659999999997
492,1.89671,-0.023349999999999982,1.918954
493,1.89695,0.00024000000000001798,1.91815
494,1.9239,0.02695000000000003,1.9154159999999998
495,1.91728,-0.006619999999999848,1.91098
496,1.88147,-0.03581000000000012,1.9032619999999998
497,1.8872499999999999,0.005779999999999896,1.90137
498,1.9426,0.05535000000000023,1.9105
499,1.88585,-0.05675000000000008,1.90289
500,1.92964,0.043789999999999996,1.9053619999999998
501,1.90515,-0.024490000000000123,1.910098
502,1.89728,-0.007869999999999822,1.912104
503,1.9196499999999999,0.02236999999999978,1.9075140000000002
504,1.89232,-0.027329999999999854,1.9088079999999998
505,1.90069,0.008369999999999989,1.9030179999999999
506,1.84259,-0.05810000000000004,1.8905059999999998
507,1.91622,0.07363000000000008,1.894294
508,1.8985699999999999,-0.017650000000000166,1.8900780000000001
509,1.92013,0.021560000000000024,1.8956399999999998
510,1.93058,0.01045000000000007,1.9016179999999998
511,1.93038,-0.00019999999999997797,1.9191759999999998
512,1.8881,-0.042280000000000095,1.913552
513,1.9137,0.025600000000000067,1.916578
514,1.8808099999999999,-0.032890000000000086,1.9087139999999998
515,1.88622,0.005410000000000137,1.899842
516,1.87705,-0.0091699999999999,1.8891759999999997
517,1.81495,-0.062100000000000044,1.874546
518,1.90981,0.09485999999999994,1.8737679999999997
519,1.85669,-0.053120000000000056,1.8689440000000002
520,1.90645,0.049760000000000026,1.8729900000000002
521,1.85238,-0.05407000000000006,1.868056
522,1.8635300000000001,0.011150000000000215,1.8777720000000002
523,1.8684,0.00486999999999993,1.86949
524,1.83169,-0.03671000000000002,1.86449
525,1.88328,0.051590000000000025,1.859856
526,1.8854600000000001,0.0021800000000000708,1.866472
527,1.8738299999999999,-0.011630000000000251,1.868532
528,1.8754899999999999,0.0016599999999999948,1.86995
529,1.8745,-0.0009899999999998244,1.878512
530,1.86284,-0.011660000000000004,1.8744239999999999
531,1.8418100000000002,-0.021029999999999882,1.865694
532,1.88428,0.042469999999999786,1.8677839999999999
533,1.86586,-0.01841999999999988,1.865858
534,1.86802,0.0021599999999999397,1.864562
535,1.8439299999999998,-0.024090000000000167,1.86078
536,1.85262,0.008690000000000087,1.8629419999999999
537,1.8791499999999999,0.026529999999999943,1.8619160000000001
538,1.89931,0.020160000000000178,1.8686060000000002
539,1.90137,0.0020599999999999508,1.875276
540,1.85672,-0.04465000000000008,1.877834
541,1.83623,-0.020489999999999897,1.8745559999999997
542,1.82699,-0.009240000000000137,1.864124
543,1.85747,0.030480000000000063,1.8557560000000002
544,1.8311600000000001,-0.026309999999999834,1.841714
545,1.8447200000000001,0.013560000000000016,1.8393140000000003
546,1.85309,0.008369999999999767,1.8426859999999998
547,1.80804,-0.04504999999999981,1.838896
548,1.8319999999999999,0.02395999999999976,1.833802
549,1.83027,-0.0017299999999997873,1.833624
550,1.84052,0.01024999999999987,1.8327839999999997
551,1.82157,-0.018950000000000022,1.82648
552,1.85931,0.03774000000000011,1.8367339999999999
553,1.8624,0.003090000000000037,1.842814
554,1.84569,-0.016710000000000003,1.845898
555,1.85225,0.006559999999999899,1.848244
556,1.86013,0.00788000000000011,1.8559560000000002
557,1.83646,-0.02367000000000008,1.8513860000000002
558,1.8389099999999998,0.002449999999999841,1.8466879999999999
559,1.82169,-0.01721999999999979,1.8418880000000002
560,1.84354,0.021849999999999925,1.840146
561,1.83222,-0.011319999999999997,1.8345639999999999
562,1.8284799999999999,-0.0037400000000000766,1.832968
563,1.8501500000000002,0.0216700000000003,1.8352159999999997
564,1.8506500000000001,0.0004999999999999449,1.841008
565,1.82601,-0.024640000000000217,1.837502
566,1.84524,0.01923000000000008,1.840106
567,1.83023,-0.015009999999999968,1.840456
568,1.82103,-0.009200000000000097,1.8346319999999998
569,1.8075700000000001,-0.013459999999999805,1.8260159999999999
570,1.82423,0.016659999999999897,1.8256599999999998
571,1.81689,-0.007340000000000124,1.81999
572,1.82685,0.009960000000000191,1.8193139999999999
573,1.83171,0.004859999999999864,1.82145
574,1.80427,-0.02743999999999991,1.82079
575,1.80159,-0.0026800000000000157,1.816262
576,1.82367,0.022079999999999878,1.8176180000000002
577,1.82841,0.0047400000000001885,1.81793
578,1.82257,-0.005840000000000067,1.816102
579,1.8226499999999999,7.999999999985796e-05,1.8197780000000001
580,1.81979,-0.0028599999999998627,1.8234180000000002
581,1.79293,-0.026860000000000106,1.81727
582,1.82802,0.035090000000000066,1.817192
583,1.8127499999999999,-0.015270000000000117,1.8152279999999998
584,1.79923,-0.013519999999999754,1.8105440000000002
585,1.8203900000000002,0.021160000000000068,1.8106639999999998
586,1.8262,0.005809999999999871,1.8173179999999998
587,1.8497400000000002,0.023540000000000116,1.8216620000000003
588,1.77573,-0.07401000000000013,1.8142580000000001
589,1.82308,0.04735,1.819028
590,1.81488,-0.008199999999999985,1.817926
591,1.79705,-0.017830000000000013,1.812096
592,1.84319,0.04614000000000007,1.8107860000000002
593,1.8103,-0.032890000000000086,1.8176999999999999
594,1.77333,-0.03696999999999995,1.80775
595,1.833,0.05966999999999989,1.811374
596,1.77051,-0.062489999999999934,1.806066
597,1.79962,0.02910999999999997,1.797352
598,1.8403300000000002,0.040710000000000246,1.803358
599,1.8080500000000002,-0.032280000000000086,1.810302
600,1.8203500000000001,0.012299999999999978,1.807772
601,1.8290099999999998,0.008659999999999668,1.819472
602,1.75543,-0.07357999999999976,1.8106339999999999
603,1.80847,0.053039999999999976,1.804262
604,1.78023,-0.028240000000000043,1.798698
605,1.81783,0.03760000000000008,1.7981939999999998
606,1.79704,-0.020790000000000086,1.7917999999999998
607,1.76202,-0.03502000000000005,1.7931179999999998
608,1.8184300000000002,0.05641000000000029,1.79511
609,1.81882,0.00038999999999989043,1.8028280000000003
610,1.83603,0.017209999999999948,1.806468
611,1.77548,-0.060550000000000104,1.802156
612,1.79858,0.02310000000000012,1.809468
613,1.7911700000000002,-0.007409999999999917,1.804016
614,1.8020900000000002,0.01092000000000004,1.8006699999999998
615,1.7925600000000002,-0.009530000000000038,1.7919760000000005
616,1.7884700000000002,-0.004089999999999927,1.7945740000000001
617,1.77084,-0.017630000000000257,1.7890260000000002
618,1.77663,0.005789999999999962,1.786118
619,1.7445,-0.03212999999999999,1.7746
620,1.7471400000000001,0.0026400000000001977,1.7655160000000003
621,1.78736,0.04021999999999992,1.7652940000000001
622,1.75651,-0.030850000000000044,1.7624279999999999
623,1.8191899999999999,0.06267999999999985,1.7709400000000002
624,1.76154,-0.05764999999999976,1.7743479999999998
625,1.7634400000000001,0.0019000000000000128,1.777608
626,1.7758500000000002,0.012410000000000032,1.775306
627,1.78626,0.010409999999999808,1.7812560000000002
628,1.7538,-0.03245999999999993,1.768178
629,1.81396,0.06015999999999999,1.778662
630,1.7604199999999999,-0.05354000000000014,1.7780580000000001
631,1.77056,0.010140000000000038,1.777
632,1.75664,-0.013919999999999932,1.771076
633,1.7464600000000001,-0.010179999999999856,1.7696079999999998
634,1.76749,0.021029999999999882,1.760314
635,1.76595,-0.0015400000000000968,1.76142
636,1.7640099999999999,-0.0019400000000000528,1.7601099999999998
637,1.76502,0.0010100000000001774,1.761786
638,1.72845,-0.03656999999999999,1.758184
639,1.7591400000000001,0.030690000000000106,1.756514
640,1.76739,0.008249999999999869,1.756802
641,1.80318,0.03578999999999999,1.764636
642,1.7588499999999998,-0.0443300000000002,1.763402
643,1.75448,-0.004369999999999763,1.768608
644,1.75712,0.0026399999999999757,1.768204
645,1.76393,0.006809999999999983,1.767512
646,1.7532699999999999,-0.010660000000000114,1.7575299999999998
647,1.7410800000000002,-0.012189999999999701,1.7539760000000002
648,1.7549700000000001,0.013889999999999958,1.754074
649,1.7341000000000002,-0.020869999999999944,1.74947
650,1.7616100000000001,0.027509999999999923,1.749006
651,1.70832,-0.05329000000000006,1.740016
652,1.74173,0.03340999999999994,1.740146
653,1.75968,0.01794999999999991,1.741088
654,1.72291,-0.03676999999999997,1.73885
655,1.73062,0.007710000000000106,1.7326519999999999
656,1.7407000000000001,0.010080000000000089,1.7391279999999998
657,1.7195200000000002,-0.021179999999999977,1.734686
658,1.76146,0.041939999999999866,1.735042
659,1.71787,-0.04359000000000002,1.734034
660,1.73191,0.014040000000000052,1.734292
661,1.73971,0.007800000000000029,1.734094
662,1.72028,-0.01943000000000006,1.7342460000000002
663,1.6955,-0.024780000000000024,1.721054
664,1.72214,0.026639999999999997,1.7219080000000002
665,1.7155799999999999,-0.006560000000000121,1.7186419999999998
666,1.7538200000000002,0.038240000000000274,1.7214639999999999
667,1.72255,-0.03127000000000013,1.721918
668,1.7568799999999998,0.03432999999999975,1.734194
669,1.7211400000000001,-0.03573999999999966,1.7339939999999998
670,1.72838,0.007239999999999913,1.7365540000000004
671,1.70392,-0.024459999999999926,1.726574
672,1.73506,0.031139999999999946,1.7290759999999998
673,1.74655,0.01149,1.7270100000000004
674,1.72875,-0.017800000000000038,1.7285320000000002
675,1.73197,0.0032200000000000006,1.72925
676,1.70346,-0.028510000000000035,1.729158
677,1.7183300000000001,0.01487000000000016,1.7258120000000001
678,1.7304899999999999,0.012159999999999727,1.7226
679,1.7076099999999999,-0.02288000000000001,1.718372
680,1.78842,0.08081000000000005,1.729662
681,1.72918,-0.05923999999999996,1.734806
682,1.706,-0.02317999999999998,1.73234
683,1.71042,0.0044200000000000905,1.7283259999999998
684,1.68159,-0.028830000000000133,1.723122
685,1.70421,0.022620000000000084,1.70628
686,1.71351,0.009300000000000086,1.7031459999999998
687,1.7127000000000001,-0.0008099999999999774,1.704486
688,1.71905,0.006349999999999856,1.706212
689,1.7141499999999998,-0.0049000000000001265,1.7127240000000001
690,1.73428,0.020130000000000203,1.718738
691,1.69739,-0.03689000000000009,1.715514
692,1.74729,0.049900000000000055,1.722432
693,1.71608,-0.03120999999999996,1.721838
694,1.73149,0.015409999999999924,1.7253060000000002
695,1.6878,-0.04369000000000001,1.71601
696,1.7294,0.04160000000000008,1.7224119999999998
697,1.70637,-0.023030000000000106,1.7142279999999999
698,1.67886,-0.027509999999999923,1.706784
699,1.70162,0.02275999999999989,1.70081
700,1.6859600000000001,-0.015659999999999785,1.700442
701,1.7047100000000002,0.018750000000000044,1.6955040000000001
702,1.6934500000000001,-0.011260000000000048,1.6929200000000002
703,1.70137,0.007919999999999927,1.6974220000000002
704,1.65794,-0.04343000000000008,1.688686
705,1.71479,0.05685000000000007,1.694452
706,1.6881499999999998,-0.02664000000000022,1.69114
707,1.71558,0.027430000000000287,1.695566
708,1.67318,-0.042400000000000215,1.689928
709,1.70151,0.02833000000000019,1.698642
710,1.69909,-0.0024200000000000887,1.695502
711,1.6703899999999998,-0.02870000000000017,1.6919499999999998
712,1.68044,0.010050000000000114,1.6849219999999998
713,1.70919,0.028750000000000053,1.6921240000000002
714,1.73888,0.029689999999999994,1.699598
715,1.6934500000000001,-0.04542999999999986,1.69847
716,1.6675,-0.02595000000000014,1.697892
717,1.69779,0.030289999999999928,1.701362
718,1.67885,-0.018939999999999957,1.695294
719,1.68982,0.010970000000000146,1.685482
720,1.66646,-0.023360000000000047,1.6800840000000001
721,1.67772,0.011260000000000048,1.682128
722,1.7122600000000001,0.034540000000000015,1.685022
723,1.69648,-0.015780000000000127,1.6885480000000002
724,1.6623700000000001,-0.03410999999999986,1.6830580000000002
725,1.67993,0.017559999999999798,1.6857520000000001
726,1.69903,0.019100000000000117,1.6900140000000001
727,1.66345,-0.035579999999999945,1.680252
728,1.69272,0.029269999999999907,1.6795000000000002
729,1.71456,0.02184000000000008,1.6899380000000002
730,1.66526,-0.04930000000000012,1.687004
731,1.69553,0.03027000000000002,1.6863040000000002
732,1.6939199999999999,-0.0016100000000001113,1.692398
733,1.68968,-0.0042399999999997995,1.69179
734,1.68667,-0.003010000000000179,1.686212
735,1.63929,-0.04737999999999998,1.681018
736,1.71996,0.08067000000000002,1.685904
737,1.6696,-0.05035999999999996,1.6810399999999999
738,1.65097,-0.018629999999999924,1.6732979999999997
739,1.67445,0.023479999999999945,1.6708539999999998
740,1.67709,0.0026399999999999757,1.678414
741,1.6874500000000001,0.010360000000000147,1.671912
742,1.66748,-0.019970000000000043,1.671488
743,1.6384500000000002,-0.02902999999999989,1.668984
744,1.63782,-0.0006300000000001305,1.6616579999999999
745,1.66889,0.03106999999999993,1.6600180000000002
746,1.7105000000000001,0.04161000000000015,1.664628
747,1.6817,-0.02880000000000016,1.667472
748,1.62302,-0.058680000000000065,1.664386
749,1.67151,0.048490000000000144,1.671124
750,1.6903299999999999,0.018819999999999837,1.6754120000000001
751,1.67836,-0.011969999999999814,1.668984
752,1.65504,-0.023320000000000007,1.6636520000000001
753,1.65204,-0.0030000000000001137,1.6694559999999998
754,1.67023,0.01819000000000015,1.6692
755,1.70194,0.031709999999999905,1.6715220000000002
756,1.6751399999999999,-0.026800000000000157,1.670878
757,1.65462,-0.02051999999999987,1.6707940000000001
758,1.6581000000000001,0.0034800000000001496,1.672006
759,1.67568,0.01757999999999993,1.673096
760,1.6428099999999999,-0.03287000000000018,1.66127
761,1.64716,0.004350000000000076,1.655674
762,1.64459,-0.002569999999999961,1.6536680000000001
763,1.6275499999999998,-0.017040000000000166,1.6475579999999996
764,1.6536899999999999,0.026140000000000052,1.64316
765,1.66388,0.010190000000000143,1.647374
766,1.6353600000000001,-0.02851999999999988,1.6450140000000002
767,1.66246,0.027099999999999902,1.6485880000000002
768,1.6558,-0.00666000000000011,1.654238
769,1.6410200000000001,-0.014779999999999793,1.651704
770,1.6369500000000001,-0.004070000000000018,1.6463180000000002
771,1.62477,-0.01218000000000008,1.6442
772,1.66514,0.04037000000000002,1.644736
773,1.6539,-0.011240000000000139,1.6443560000000002
774,1.6201599999999998,-0.0337400000000001,1.640184
775,1.6467100000000001,0.026550000000000296,1.642136
776,1.68406,0.03734999999999977,1.6539939999999997
777,1.65072,-0.033339999999999925,1.6511099999999999
778,1.62168,-0.029039999999999955,1.6446659999999997
779,1.6519300000000001,0.03025000000000011,1.6510200000000002
780,1.66419,0.012259999999999938,1.6545159999999999
781,1.67648,0.012289999999999912,1.653
782,1.61225,-0.06423000000000001,1.6453060000000002
783,1.6427,0.030450000000000088,1.64951
784,1.66686,0.02415999999999996,1.652496
785,1.6555900000000001,-0.011269999999999891,1.650776
786,1.6282100000000002,-0.02737999999999996,1.641122
787,1.6067900000000002,-0.021419999999999995,1.64003
788,1.62738,0.020589999999999886,1.6369660000000004
789,1.63762,0.010240000000000027,1.631118
790,1.64467,0.007050000000000001,1.6289340000000003
791,1.62903,-0.0156400000000001,1.6290980000000002
792,1.6550099999999999,0.025979999999999892,1.638742
793,1.61193,-0.043079999999999785,1.6356519999999999
794,1.63886,0.0269299999999999,1.6359000000000001
795,1.65348,0.014620000000000077,1.6376620000000002
796,1.6396,-0.013880000000000114,1.6397760000000001
797,1.6197,-0.01990000000000003,1.632714
798,1.64719,0.027490000000000014,1.6397660000000003
799,1.63911,-0.008079999999999865,1.6398160000000002
800,1.61937,-0.01974000000000009,1.632994
801,1.6254300000000002,0.006060000000000176,1.63016
802,1.6385399999999999,0.013109999999999733,1.6339280000000003
803,1.6314,-0.007139999999999924,1.63077
804,1.6270699999999998,-0.004330000000000167,1.6283619999999999
805,1.62554,-0.0015299999999998093,1.6295959999999998
806,1.6412300000000002,0.015690000000000204,1.6327559999999999
807,1.5914700000000002,-0.049760000000000026,1.6233419999999998
808,1.6108799999999999,0.019409999999999705,1.619238
809,1.59869,-0.012189999999999923,1.613562
810,1.61887,0.020180000000000087,1.612228
811,1.60303,-0.015840000000000076,1.6045880000000001
812,1.58511,-0.017919999999999936,1.603316
813,1.62351,0.03839999999999999,1.6058419999999998
814,1.6355,0.011989999999999945,1.613204
815,1.5737700000000001,-0.06172999999999984,1.604184
816,1.6220499999999998,0.048279999999999657,1.607988
817,1.62372,0.0016700000000002824,1.61571
818,1.6252399999999998,0.0015199999999997438,1.616056
819,1.61058,-0.014659999999999895,1.611072
820,1.60338,-0.007199999999999873,1.6169939999999996
821,1.58949,-0.013889999999999958,1.610482
822,1.60175,0.012259999999999938,1.6060880000000002
823,1.61337,0.011619999999999964,1.603714
824,1.5823200000000002,-0.0310499999999998,1.598062
825,1.59891,0.016589999999999883,1.5971680000000001
826,1.6018,0.002889999999999837,1.5996299999999999
827,1.58141,-0.020389999999999908,1.595562
828,1.5661399999999999,-0.015270000000000117,1.586116
829,1.61301,0.04687000000000019,1.592254
830,1.57443,-0.03858000000000006,1.5873579999999998
831,1.6254,0.05096999999999996,1.5920779999999999
832,1.56904,-0.056359999999999966,1.589604
833,1.59166,0.022620000000000084,1.594708
834,1.5693799999999998,-0.0222800000000003,1.585982
835,1.59204,0.022660000000000124,1.589504
836,1.6188500000000001,0.026810000000000223,1.588194
837,1.6200100000000002,0.0011600000000000499,1.598388
838,1.62146,0.0014499999999997293,1.6043479999999999
839,1.5632,-0.05825999999999998,1.603112
840,1.58514,0.02194000000000007,1.6017320000000002
841,1.58841,0.003270000000000106,1.595644
842,1.58784,-0.0005700000000001815,1.58921
843,1.57152,-0.01631999999999989,1.5792220000000001
844,1.60611,0.0345899999999999,1.587804
845,1.58736,-0.018749999999999822,1.588248
846,1.58018,-0.007180000000000186,1.5866019999999998
847,1.5875,0.007319999999999993,1.5865339999999999
848,1.58438,-0.0031200000000000117,1.589106
849,1.56882,-0.015559999999999796,1.581648
850,1.5675499999999998,-0.0012700000000003264,1.577686
851,1.5461399999999998,-0.02140999999999993,1.570878
852,1.62435,0.07821000000000011,1.5782479999999999
853,1.56155,-0.06279999999999997,1.573682
854,1.62576,0.0642100000000001,1.58507
855,1.57559,-0.05017000000000005,1.5866779999999998
856,1.57406,-0.0015300000000000313,1.592262
857,1.59321,0.01915,1.586034
858,1.59462,0.0014099999999999113,1.592648
859,1.5556,-0.03901999999999983,1.5786159999999998
860,1.57375,0.01814999999999989,1.5782479999999999
861,1.5440800000000001,-0.029669999999999863,1.5722520000000002
862,1.5486499999999999,0.004569999999999741,1.56334
863,1.55919,0.010540000000000216,1.556254
864,1.58801,0.028819999999999846,1.562736
865,1.56543,-0.022579999999999822,1.561072
866,1.5506199999999999,-0.014810000000000212,1.5623799999999999
867,1.54852,-0.0020999999999999908,1.562354
868,1.57433,0.02581000000000011,1.565382
869,1.59348,0.01915,1.566476
870,1.55351,-0.03997000000000006,1.5640919999999998
871,1.5667999999999997,0.013289999999999802,1.5673279999999998
872,1.5503,-0.016499999999999737,1.5676839999999999
873,1.57105,0.020750000000000046,1.567028
874,1.5581,-0.012950000000000017,1.5599519999999998
875,1.5417399999999999,-0.016360000000000152,1.557598
876,1.55537,0.013630000000000031,1.555312
877,1.56036,0.00499000000000005,1.557324
878,1.57455,0.014189999999999925,1.558024
879,1.59132,0.016770000000000174,1.564668
880,1.5756100000000002,-0.01570999999999989,1.5714419999999998
881,1.54968,-0.02593000000000023,1.5703040000000001
882,1.56216,0.012480000000000047,1.570664
883,1.5497299999999998,-0.012430000000000163,1.5657
884,1.54741,-0.0023199999999998777,1.556918
885,1.5600100000000001,0.012600000000000167,1.553798
886,1.5426600000000001,-0.017349999999999977,1.552394
887,1.5609100000000002,0.0182500000000001,1.5521440000000002
888,1.56325,0.0023399999999997867,1.5548480000000002
889,1.5472000000000001,-0.016049999999999898,1.5548060000000004
890,1.57816,0.030959999999999877,1.5584360000000002
891,1.5784099999999999,0.00024999999999986144,1.5655860000000001
892,1.55792,-0.020489999999999897,1.564988
893,1.52149,-0.03642999999999996,1.556636
894,1.5600299999999998,0.0385399999999998,1.5592019999999998
895,1.53219,-0.027839999999999865,1.5500079999999998
896,1.5802,0.04801000000000011,1.550366
897,1.54017,-0.04003000000000001,1.546816
898,1.5526499999999999,0.012479999999999825,1.553048
899,1.50873,-0.04391999999999996,1.542788
900,1.56479,0.05606,1.549308
901,1.55603,-0.008759999999999879,1.544474
902,1.55898,0.002950000000000008,1.548236
903,1.55904,5.999999999994898e-05,1.5495139999999998
904,1.56223,0.003190000000000026,1.560214
905,1.56222,-1.0000000000065512e-05,1.5597
906,1.5274200000000002,-0.03479999999999972,1.553978
907,1.5502500000000001,0.022829999999999906,1.552232
908,1.5613000000000001,0.011050000000000004,1.5526840000000002
909,1.57532,0.014019999999999921,1.555302
910,1.53385,-0.04147000000000012,1.549628
911,1.52457,-0.009279999999999955,1.549058
912,1.59783,0.0732600000000001,1.558574
913,1.5453000000000001,-0.052529999999999966,1.555374
914,1.5351400000000002,-0.010159999999999947,1.547338
915,1.54806,0.01291999999999982,1.5501800000000001
916,1.52941,-0.018650000000000055,1.551148
917,1.52557,-0.0038399999999998435,1.536696
918,1.5289000000000001,0.003330000000000055,1.5334160000000001
919,1.54581,0.01690999999999976,1.5355500000000002
920,1.5190700000000001,-0.026739999999999764,1.529752
921,1.5382,0.01912999999999987,1.5315100000000001
922,1.53417,-0.004029999999999978,1.53323
923,1.53397,-0.00019999999999997797,1.534244
924,1.54257,0.008599999999999941,1.533596
925,1.54818,0.005609999999999893,1.539418
926,1.50244,-0.04573999999999989,1.532266
927,1.53917,0.03672999999999993,1.533266
928,1.54631,0.007140000000000146,1.5357340000000002
929,1.51559,-0.03072000000000008,1.530338
930,1.5425300000000002,0.026940000000000186,1.529208
931,1.532,-0.01053000000000015,1.5351199999999998
932,1.4997500000000001,-0.03224999999999989,1.527236
933,1.52355,0.02379999999999982,1.5226840000000001
934,1.53063,0.007079999999999975,1.5256919999999998
935,1.5326199999999999,0.0019899999999999363,1.52371
936,1.5227,-0.009919999999999929,1.52185
937,1.5268300000000001,0.004130000000000189,1.527266
938,1.5446,0.01776999999999984,1.531476
939,1.5188700000000002,-0.02572999999999981,1.529124
940,1.5409100000000002,0.02204000000000006,1.5307819999999999
941,1.50396,-0.03695000000000026,1.527034
942,1.54105,0.03709000000000007,1.529878
943,1.5282499999999999,-0.012800000000000145,1.526608
944,1.5542799999999999,0.026029999999999998,1.53369
945,1.55352,-0.0007599999999998719,1.5362120000000001
946,1.53667,-0.01685000000000003,1.542754
947,1.52455,-0.012119999999999909,1.5394539999999999
948,1.54766,0.023109999999999964,1.543336
949,1.5275,-0.020159999999999956,1.5379800000000001
950,1.53455,0.007050000000000001,1.534186
951,1.50621,-0.028340000000000032,1.5280939999999998
952,1.49173,-0.014480000000000048,1.52153
953,1.5315699999999999,0.039839999999999876,1.518312
954,1.55178,0.02021000000000006,1.5231679999999999
955,1.5416400000000001,-0.010139999999999816,1.5245859999999998
956,1.5142799999999998,-0.027360000000000273,1.5262
957,1.54111,0.02683000000000013,1.536076
958,1.50738,-0.03373000000000004,1.531238
959,1.4956800000000001,-0.011699999999999822,1.5200179999999999
960,1.48108,-0.014600000000000168,1.507906
961,1.49416,0.01307999999999998,1.503882
962,1.50854,0.01438000000000006,1.497368
963,1.4858,-0.022739999999999982,1.493052
964,1.5202,0.034399999999999986,1.497956
965,1.5269,0.006699999999999928,1.50712
966,1.48001,-0.046889999999999876,1.50429
967,1.51036,0.030349999999999877,1.504654
968,1.5086499999999998,-0.0017100000000001003,1.509224
969,1.5162399999999998,0.007589999999999986,1.5084319999999998
970,1.52481,0.008570000000000189,1.508014
971,1.51255,-0.012259999999999938,1.514522
972,1.48679,-0.025760000000000005,1.509808
973,1.48163,-0.005160000000000053,1.504404
974,1.50933,0.027700000000000058,1.503022
975,1.50017,-0.009160000000000057,1.498094
976,1.50221,0.0020400000000000418,1.496026
977,1.5131899999999998,0.010979999999999768,1.501306
978,1.537,0.02381000000000011,1.5123799999999998
979,1.48028,-0.05671999999999988,1.50657
980,1.51041,0.03012999999999999,1.5086179999999998
981,1.4842,-0.026210000000000067,1.505016
982,1.52516,0.04096000000000011,1.50741
983,1.49184,-0.033320000000000016,1.498378
984,1.51479,0.022950000000000026,1.50528
985,1.4727299999999999,-0.04206000000000021,1.4977440000000002
986,1.508,0.035270000000000135,1.502504
987,1.5178,0.009800000000000031,1.501032
988,1.4959799999999999,-0.021820000000000173,1.5018600000000002
989,1.4862099999999998,-0.009770000000000056,1.496144
990,1.46937,-0.016839999999999744,1.495472
991,1.5428199999999999,0.0734499999999998,1.5024359999999999
992,1.5005600000000001,-0.04225999999999974,1.498988
993,1.4506899999999998,-0.0498700000000003,1.4899299999999998
994,1.44074,-0.009949999999999903,1.4808359999999998
995,1.43146,-0.009279999999999955,1.473254
996,1.4533099999999999,0.021849999999999925,1.455352
997,1.42475,-0.02855999999999992,1.4401899999999999
998,1.4565899999999998,0.03183999999999987,1.4413699999999998
999,1.43628,-0.020309999999999828,1.440478
